record,year,month,season,weather,temp,tempfeel,humidity,windspeed,casual_users,registered_users,all_users
1,2011,Jan,winter,Mist,14.110847,18.18125,80.58330000000001,10.749882,331,654,985
2,2011,Jan,winter,Mist,14.902598000000001,17.686950000000003,69.6087,16.652113,131,670,801
3,2011,Jan,winter,Clear,8.050924,9.47025,43.7273,16.636703,120,1229,1349
4,2011,Jan,winter,Clear,8.200000000000001,10.6061,59.0435,10.739832,108,1454,1562
5,2011,Jan,winter,Mist,8.057402,10.44195,49.8696,11.304642,148,1362,1510
6,2011,Jan,winter,Mist,6.765000000000001,8.1127,53.5833,17.875868,68,891,959
7,2011,Jan,winter,Clear,5.671653,5.80875,43.416700000000006,24.25065,54,768,822
8,2011,Jan,winter,Clear,7.0818069999999995,8.02365,59.954499999999996,20.410009,25,1137,1162
9,2011,Jan,winter,Clear,6.765000000000001,7.544149999999999,47.0417,20.166999999999998,38,1368,1406
10,2011,Jan,winter,Clear,6.59567,9.42065,53.7826,8.478716,54,1367,1421
11,2011,Jan,winter,Mist,9.566653,12.4056,49.875,10.583521,222,1026,1248
12,2011,Jan,winter,Clear,9.498347,11.71085,48.375,12.625010999999999,251,953,1204
13,2011,Jan,winter,Mist,8.883347,11.61665,86.16669999999999,9.833924999999999,9,674,683
14,2011,Jan,winter,Mist,10.728347,12.7525,53.833299999999994,13.125568,83,1844,1927
15,2011,Jan,winter,Clear,7.2775,7.89165,45.7083,23.667214,75,1468,1543
16,2011,Jan,winter,Clear,2.4243464,3.9534800000000003,40,11.52199,93,888,981
17,2011,Jan,winter,Clear,3.9573897000000002,4.941955,43.6522,16.5222,150,836,986
18,2011,Jan,winter,Clear,3.9930433,5.8965,49.173899999999996,10.60811,86,1330,1416
19,2011,Jan,winter,Mist,9.162598000000001,11.7263,61.695699999999995,8.696332,186,1799,1985
20,2011,Jan,winter,Light Precip,8.9175,10.18,86.25,19.68795,34,472,506
21,2011,Jan,winter,Clear,8.057402,10.606300000000001,65.17389999999999,9.739455,123,975,1098
22,2011,Jan,winter,Clear,8.877402,12.5161,72.2174,4.956834199999999,140,956,1096
23,2011,Jan,winter,Mist,7.414153,9.3125,60.375,12.541864,42,1459,1501
24,2011,Feb,winter,Mist,10.66,12.72085,77.5417,17.708636,72,1454,1526
25,2011,Feb,winter,Mist,8.663464,11.429350000000001,58.521699999999996,8.565213,88,1620,1708
26,2011,Feb,winter,Mist,9.566653,12.152899999999999,92.91669999999999,10.792293,100,905,1005
27,2011,Feb,winter,Clear,11.719153,14.58355,56.833299999999994,9.5006,354,1269,1623
28,2011,Feb,winter,Clear,11.138347,15.1829,73.83330000000001,3.0423561,120,1592,1712
29,2011,Feb,winter,Clear,9.054153,9.9123,53.7917,24.25065,64,1466,1530
30,2011,Feb,winter,Clear,7.752731000000001,10.67545,50.6364,7.272849999999999,149,1597,1746
31,2011,Feb,winter,Clear,9.1225,11.6477,54.4167,13.625589,288,1184,1472
32,2011,Feb,winter,Clear,12.977402000000001,16.20565,45.7391,17.479160999999998,397,1192,1589
33,2011,Feb,winter,Clear,17.015,19.9175,37.583299999999994,27.999836,208,1705,1913
34,2011,Feb,winter,Clear,13.048701000000001,15.809999999999999,42.3478,16.869996999999998,218,1897,2115
35,2011,Feb,winter,Clear,17.869153,21.4329,50.5,15.416968,259,2216,2475
36,2011,Feb,winter,Clear,21.388347,25.599149999999998,51.6667,17.749975000000003,579,2348,2927
37,2011,Feb,winter,Clear,16.365847,19.5702,18.7917,34.000021,532,1103,1635
38,2011,Feb,winter,Mist,12.436653000000002,14.203750000000001,60.5,20.625682,195,912,1107
39,2011,Feb,winter,Clear,7.471102,9.30165,57.7778,13.110761,74,1376,1450
40,2011,Feb,winter,Clear,9.091299,12.28585,42.3043,6.3055710000000005,139,1778,1917
41,2011,Feb,winter,Mist,12.121732000000002,14.459549999999998,69.7391,16.783231999999998,100,1707,1807
42,2011,Feb,winter,Mist,14.938268,17.52305,71.2174,23.218113,120,1341,1461
43,2011,Feb,winter,Clear,11.5825,14.1096,53.7917,12.500257,424,1545,1969
44,2011,Feb,winter,Clear,14.082598,17.55545,68,8.391615999999999,694,1708,2402
45,2011,Feb,winter,Mist,16.698193,20.005899999999997,87.63640000000001,19.408962,81,1365,1446
46,2011,Mar,winter,Clear,10.933347,13.19395,53.5,14.500475,137,1714,1851
47,2011,Mar,winter,Clear,13.735000000000001,16.00355,44.9583,20.624811,231,1903,2134
48,2011,Mar,winter,Mist,15.750846999999998,18.93895,78.91669999999999,16.875357,640,1437,2077
49,2011,Mar,winter,Mist,12.129153,14.3304,77.5417,14.750050000000002,191,1700,1891
50,2011,Mar,winter,Light Precip,15.952731,19.2834,0,17.545759,46,577,623
51,2011,Mar,winter,Mist,12.977402000000001,15.25,64.95649999999999,15.60899,247,1730,1977
52,2011,Mar,winter,Clear,13.495847,16.287499999999998,59.458299999999994,14.791924999999999,724,1408,2132
53,2011,Mar,winter,Clear,15.758268000000001,19.004550000000002,52.73910000000001,18.130468,982,1435,2417
54,2011,Mar,winter,Mist,13.013031,15.908900000000001,65.5652,12.348703,289,1767,2056
55,2011,Mar,winter,Mist,14.973897000000001,18.3465,77.65220000000001,13.608839,321,1871,2192
56,2011,Mar,winter,Clear,17.015,20.51665,60.291700000000006,14.041792999999998,424,2320,2744
57,2011,Mar,winter,Clear,19.3725,23.32625,37.9167,24.667189,1424,1693,3117
58,2011,Mar,winter,Clear,13.6325,16.287499999999998,47.375,13.917307,1047,1424,2471
59,2011,Mar,spring,Clear,18.108347,22.0321,62.4583,15.125250000000001,460,2243,2703
60,2011,Mar,spring,Mist,14.225237,16.89695,83.9565,15.695487,203,1918,2121
61,2011,Mar,spring,Mist,11.684999999999999,13.541649999999999,80.58330000000001,16.333729,166,1699,1865
62,2011,Mar,spring,Clear,10.830846999999999,12.8156,49.5,15.458575000000002,300,1910,2210
63,2011,Mar,spring,Clear,10.899153,12.87855,39.4167,14.041257,981,1515,2496
64,2011,Mar,spring,Mist,10.374763000000002,12.51695,49.3913,12.348099999999999,472,1221,1693
65,2011,Mar,spring,Clear,10.838268000000001,12.878700000000002,30.2174,14.217668,222,1806,2028
66,2011,Mar,spring,Clear,12.4025,14.6454,31.4167,15.208732,317,2108,2425
67,2011,Mar,spring,Mist,12.299999999999999,14.8675,64.6667,11.583495999999998,168,1368,1536
68,2011,Mar,spring,Light Precip,11.001653,12.87875,91.8333,14.582282000000001,179,1506,1685
69,2011,Apr,spring,Mist,12.299999999999999,14.172699999999999,68.625,17.333436,307,1920,2227
70,2011,Apr,spring,Mist,12.915000000000001,15.78185,65.375,13.208782,898,1354,2252
71,2011,Apr,spring,Mist,16.980847,19.9175,64.2083,26.000488999999998,167,1628,1795
72,2011,Apr,spring,Clear,16.024153,19.3804,47.0833,17.625221,413,2395,2808
73,2011,Apr,spring,Clear,17.9375,21.684800000000003,60.291700000000006,10.874904,571,2570,3141
74,2011,Apr,spring,Mist,13.769153,16.223950000000002,83.625,15.208464,172,1299,1471
75,2011,Apr,spring,Mist,14.0425,17.07645,87.75,8.916561,879,1576,2455
76,2011,Apr,spring,Mist,17.493347,21.33685,85.75,9.833389,1188,1707,2895
77,2011,Apr,spring,Mist,24.421732,28.260849999999998,71.6956,21.739758,855,2493,3348
78,2011,Apr,spring,Mist,20.6025,24.6527,73.9167,18.416892999999998,257,1777,2034
79,2011,Apr,spring,Mist,16.912499999999998,20.864150000000002,81.91669999999999,16.791338999999997,209,1953,2162
80,2011,Apr,spring,Clear,19.1675,23.1371,54.041700000000006,7.4169,529,2738,3267
81,2011,Apr,spring,Clear,18.313347,22.09565,67.125,15.167124999999999,642,2484,3126
82,2011,Apr,spring,Light Precip,17.664153000000002,21.2746,88.83330000000001,22.834136,121,674,795
83,2011,Apr,spring,Clear,21.0125,25.1573,54.25,10.958988999999999,669,2760,3429
84,2011,Apr,spring,Mist,20.739152999999998,24.4629,66.5833,10.584057,409,2795,3204
85,2011,Apr,spring,Clear,24.395,28.2196,61.4167,16.208975,613,3331,3944
86,2011,Apr,spring,Mist,13.803347,16.0977,72.9583,14.707906999999999,177,1506,1683
87,2011,Apr,spring,Mist,18.86,22.50605,88.79169999999999,15.458575000000002,1462,2574,4036
88,2011,Apr,spring,Mist,23.848347,27.58815,81.08330000000001,12.875725000000001,1710,2481,4191
89,2011,Apr,spring,Mist,25.419999999999998,28.7571,83.54169999999999,20.917399999999997,547,3325,3872
90,2011,Apr,spring,Mist,25.317500000000003,28.946450000000002,70.08330000000001,21.500836000000003,569,3489,4058
91,2011,Apr,spring,Clear,20.91,24.87315,45.7083,16.084221,878,3717,4595
92,2011,Apr,spring,Clear,19.3725,23.201050000000002,50.3333,15.750025,1965,3347,5312
93,2011,May,spring,Mist,18.518347,22.4102,76.2083,7.125718,1138,2213,3351
94,2011,May,spring,Mist,16.980847,20.2325,73.70830000000001,22.042732,255,2378,2633
95,2011,May,spring,Clear,18.825847,22.09585,44.4167,19.791263999999998,614,3819,4433
96,2011,May,spring,Clear,19.645847,23.70585,59,15.292482,894,3714,4608
97,2011,May,spring,Clear,21.32,25.63105,54.125,10.750150000000001,1612,3102,4714
98,2011,May,spring,Clear,21.661653,25.946649999999998,63.1667,5.0007125,1401,2932,4333
99,2011,May,spring,Clear,21.8325,26.13605,48.9167,7.749956999999999,694,4109,4803
100,2011,May,spring,Clear,22.2425,26.419999999999998,63.29169999999999,8.083014,550,3632,4182
101,2011,May,spring,Clear,21.935000000000002,26.16815,74.75,12.707689,695,4169,4864
102,2011,May,spring,Mist,23.0625,26.8,86.70830000000001,10.249593,1582,2971,4553
103,2011,May,spring,Mist,23.028347,26.926450000000003,83.7917,18.582718,678,3445,4123
104,2011,May,spring,Mist,22.55,26.3579,87,13.499964,536,3319,3855
105,2011,May,spring,Mist,21.764153,25.537100000000002,82.9583,7.250271000000001,735,3840,4575
106,2011,May,spring,Clear,22.003347,26.4521,71.9583,8.375871,909,4008,4917
107,2011,May,spring,Clear,24.7025,28.59875,62.6667,8.083549999999999,2258,3547,5805
108,2011,May,spring,Clear,24.770847,28.725,74.9583,9.916536,1576,3084,4660
109,2011,May,spring,Mist,25.898346999999998,29.5148,81,15.667413999999999,836,3438,4274
110,2011,May,spring,Clear,27.094153,30.7771,69.625,10.333611000000001,740,4238,4978
111,2011,May,spring,Clear,29.041653,32.7344,67.75,13.376014,758,3919,4677
112,2011,May,spring,Clear,27.948347000000002,31.8504,65.375,16.125493,871,3808,4679
113,2011,May,spring,Clear,27.3675,30.777500000000003,81.875,14.333846,2355,2433,4788
114,2011,May,spring,Clear,30.066653000000002,33.5546,68.5,8.792075,1549,2549,4098
115,2011,Jun,spring,Mist,31.330847000000002,36.04835,67.7083,13.875164,513,3461,3974
116,2011,Jun,spring,Clear,29.314999999999998,32.1971,30.5,19.583229000000003,736,4232,4968
117,2011,Jun,spring,Clear,25.419999999999998,29.356650000000002,35.4167,16.959107,898,4414,5312
118,2011,Jun,spring,Mist,26.581653000000003,30.8402,65.25,9.292364000000001,1685,3221,4906
119,2011,Jun,spring,Clear,27.811653,31.0929,60,8.167032,673,3875,4548
120,2011,Jun,spring,Clear,29.0075,32.7975,59.791700000000006,12.583136,763,4070,4833
121,2011,Jun,spring,Clear,30.955000000000002,35.1646,60.5,9.417118,815,3771,4586
122,2011,Jun,spring,Clear,29.724999999999998,33.901900000000005,65.45830000000001,10.374949999999998,1729,3237,4966
123,2011,Jun,spring,Clear,26.035,30.082700000000003,49.4583,20.45845,863,4157,5020
124,2011,Jun,spring,Clear,25.693347,29.3877,47.1667,11.250104,769,4411,5180
125,2011,Jun,spring,Mist,25.761653000000003,29.767300000000002,68.8333,13.833556999999999,545,3222,3767
126,2011,Jun,spring,Clear,26.615847000000002,30.01915,73.5833,9.582942999999998,863,3981,4844
127,2011,Jun,spring,Clear,28.563347,32.197700000000005,67.0417,8.000336,1807,3312,5119
128,2011,Jun,spring,Mist,28.665847,32.292300000000004,66.6667,6.834,1639,3105,4744
129,2011,Jun,spring,Mist,26.035,29.767300000000002,74.625,10.416825,699,3311,4010
130,2011,Jun,summer,Mist,27.914153000000002,31.8823,77.0417,11.458675000000001,774,4061,4835
131,2011,Jun,summer,Mist,29.861653,34.69165,70.3333,15.999868,746,4044,4790
132,2011,Jun,summer,Clear,29.690847,32.82915,57.3333,14.875675,969,4022,4991
133,2011,Jun,summer,Clear,28.494999999999997,32.16565,48.3333,14.041257,1782,3420,5202
134,2011,Jun,summer,Clear,27.880000000000003,31.88145,51.3333,6.3337311,1920,3385,5305
135,2011,Jun,summer,Mist,27.982499999999998,31.8502,65.8333,7.2083960000000005,854,3854,4708
136,2011,Jun,summer,Clear,30.510847000000002,34.6279,63.416700000000006,9.666960999999999,732,3916,4648
137,2011,Jun,summer,Clear,29.861653,32.7344,49.7917,17.542007,848,4377,5225
138,2011,Jun,summer,Clear,28.563347,31.8504,43.416700000000006,12.415904000000001,1027,4488,5515
139,2011,Jul,summer,Clear,29.622500000000002,32.6081,39.625,6.874736,1246,4116,5362
140,2011,Jul,summer,Mist,29.383347,33.42875,68.25,15.333486,2282,2367,4649
141,2011,Jul,summer,Mist,29.793346999999997,33.27085,63.7917,5.4591064000000005,3065,2978,6043
142,2011,Jul,summer,Clear,30.613346999999997,34.816900000000004,59.0417,8.459286,1031,3634,4665
143,2011,Jul,summer,Clear,29.52,34.28165,74.33330000000001,10.042161,784,3845,4629
144,2011,Jul,summer,Clear,30.75,34.34355,65.125,10.666400000000001,754,3838,4592
145,2011,Jul,summer,Mist,29.075847,33.524150000000006,75.79169999999999,15.083643,692,3348,4040
146,2011,Jul,summer,Clear,30.6475,34.50125,57.8333,12.292557,1743,3138,4881
147,2011,Jul,summer,Clear,31.2625,36.4902,63.5833,18.916579,723,3363,4086
148,2011,Jul,summer,Clear,30.613346999999997,34.4702,63.1667,9.790911000000001,748,3594,4342
149,2011,Jul,summer,Clear,27.196652999999998,31.21855,59.12500000000001,12.249811,1318,4220,5538
150,2011,Jul,summer,Clear,28.153347,31.91315,58.5,13.958914,2418,3505,5923
151,2011,Jul,summer,Clear,29.485847,33.49165,60.4167,16.417211000000002,2006,3296,5302
152,2011,Jul,summer,Clear,30.613346999999997,35.19625,65.125,14.458867999999999,841,3617,4458
153,2011,Jul,summer,Clear,31.843347,37.37395,65.0417,8.7502,752,3789,4541
154,2011,Jul,summer,Clear,31.501653,37.3425,70.70830000000001,7.625739,644,3688,4332
155,2011,Jul,summer,Mist,33.415,41.31855,69.125,14.875407,632,3152,3784
156,2011,Jul,summer,Clear,34.781653,42.0448,58.0417,8.9177,562,2825,3387
157,2011,Jul,summer,Clear,34.815847,40.214349999999996,50,8.791807,987,2298,3285
158,2011,Jul,summer,Clear,30.476653000000002,36.0479,75.7083,6.0841560999999995,568,3272,3840
159,2011,Jul,summer,Clear,31.775000000000002,34.53335,40.291700000000006,12.292020999999998,755,3901,4656
160,2011,Jul,summer,Clear,31.945847,36.995,58.3333,11.958093,606,3784,4390
161,2011,Jul,summer,Clear,34.371653,39.29835,54.25,11.667245999999999,670,3176,3846
162,2011,Jul,summer,Clear,32.970847,36.42685,46.5833,11.291979,1559,2916,4475
163,2011,Aug,summer,Clear,31.638347,35.1646,55.0833,10.500039,729,3537,4266
164,2011,Aug,summer,Clear,32.116653,35.35355,49.125,13.79195,801,4044,4845
165,2011,Aug,summer,Mist,29.998347,33.99685,65.75,9.084061,467,3107,3574
166,2011,Aug,summer,Mist,29.11,33.2394,75.75,13.20905,799,3777,4576
167,2011,Aug,summer,Clear,29.144153000000003,32.82835,63.083299999999994,12.374632,1023,3843,4866
168,2011,Aug,summer,Mist,29.383347,33.807700000000004,75.5,15.29275,1521,2773,4294
169,2011,Aug,summer,Clear,31.365000000000002,35.16415,59.2083,12.875725000000001,846,3480,4326
170,2011,Aug,summer,Clear,31.775000000000002,36.20605,57.04169999999999,10.125107,907,3695,4602
171,2011,Aug,summer,Clear,31.433346999999998,34.24915,42.4167,13.417285999999999,884,3896,4780
172,2011,Aug,summer,Clear,29.4175,32.57605,42.375,11.041332,812,3980,4792
173,2011,Aug,summer,Clear,29.041653,32.7021,41.5,8.416607,1051,3854,4905
174,2011,Aug,summer,Clear,27.299153,30.80835,71.20830000000001,13.999918,775,3563,4338
175,2011,Aug,summer,Clear,28.734153000000003,32.29185,57.8333,15.834043000000001,721,4004,4725
176,2011,Aug,summer,Clear,29.656653,33.33355,57.5417,9.625689,668,4026,4694
177,2011,Aug,summer,Clear,29.178347000000002,33.1129,65.45830000000001,15.624936,639,3166,3805
178,2011,Aug,summer,Mist,28.085,31.661050000000003,72.2917,9.333635999999998,797,3356,4153
179,2011,Aug,summer,Clear,28.5975,32.4498,67.41669999999999,6.999289,1914,3277,5191
180,2011,Aug,summer,Clear,29.144153000000003,33.776250000000005,77,16.666518,1249,2624,3873
181,2011,Aug,summer,Clear,28.358347000000002,31.9127,47,18.54225,833,3925,4758
182,2011,Aug,summer,Clear,26.274153,30.303350000000002,45.5417,9.833121,1281,4614,5895
183,2011,Aug,summer,Clear,27.606652999999998,31.5346,60.5,16.958236,949,4181,5130
184,2011,Aug,summer,Mist,28.050846999999997,32.2927,77.1667,14.125810999999999,435,3107,3542
185,2011,Aug,summer,Mist,27.880000000000003,31.7778,85,25.166338999999997,226,889,1115
186,2011,Aug,summer,Clear,26.103347,30.3979,55.45830000000001,10.708275,729,3905,4634
187,2011,Aug,summer,Clear,26.205847000000002,29.7352,54.833299999999994,8.375536,775,4429,5204
188,2011,Aug,summer,Clear,26.923347,30.556050000000003,59.791700000000006,5.5833311,688,4370,5058
189,2011,Sep,summer,Clear,26.855,30.746050000000004,63.916700000000006,9.500332,783,4332,5115
190,2011,Sep,summer,Clear,29.075847,33.27145,74.20830000000001,13.833289,2521,2419,4940
191,2011,Sep,summer,Mist,27.606652999999998,31.282300000000003,79.0417,14.250632,1236,2115,3351
192,2011,Sep,summer,Light Precip,24.565847,27.21145,91.7083,6.500393600000001,118,1878,1996
193,2011,Sep,summer,Light Precip,25.990433,27.76805,93.9565,12.914116,153,1689,1842
194,2011,Sep,summer,Mist,26.650000000000002,28.9473,89.79169999999999,8.333393000000001,417,3127,3544
195,2011,Sep,summer,Clear,27.060000000000002,30.3981,75.375,10.291736,1750,3595,5345
196,2011,Sep,summer,Clear,26.786653,30.46145,71.375,7.708618,1633,3413,5046
197,2011,Sep,summer,Clear,26.418268,30.106500000000004,69.2174,5.957171000000001,690,4023,4713
198,2011,Sep,summer,Clear,26.684153,30.1777,71.25,9.500868,701,4062,4763
199,2011,Sep,summer,Clear,27.606652999999998,31.345,69.7083,11.2091,647,4138,4785
200,2011,Sep,summer,Mist,23.677500000000002,27.68355,70.9167,18.166782,428,3231,3659
201,2011,Sep,summer,Mist,20.158347,23.9256,71.8333,12.708225,1434,3077,4511
202,2011,Sep,summer,Clear,20.807499999999997,24.52685,69.5,11.958361,1353,2921,4274
203,2011,Sep,summer,Mist,24.395,27.526650000000004,90,6.4590814,539,3813,4352
204,2011,Sep,summer,Mist,25.761653000000003,27.74815,90.2083,8.584375,555,4240,4795
205,2011,Sep,fall,Mist,24.975847,26.106249999999996,97.25,5.2505689,258,2137,2395
206,2011,Sep,fall,Mist,24.873347,28.2206,86.25,5.2516811,1776,3647,5423
207,2011,Sep,fall,Mist,26.000847,28.631849999999996,84.5,3.3754064,1544,3466,5010
208,2011,Sep,fall,Mist,26.615847000000002,29.452099999999998,84.8333,7.4169,684,3946,4630
209,2011,Sep,fall,Mist,26.035,28.757899999999996,84.875,9.958143000000002,480,3427,3907
210,2011,Sep,fall,Clear,25.283347,28.7256,69.91669999999999,11.583161,653,4186,4839
211,2011,Sep,fall,Clear,23.130847,27.24145,64.75,13.833825,830,4372,5202
212,2011,Oct,fall,Mist,16.81,20.64315,75.375,19.583832,480,1949,2429
213,2011,Oct,fall,Mist,14.623347,17.26585,79.1667,14.874870999999999,616,2302,2918
214,2011,Oct,fall,Mist,15.750846999999998,19.6023,76.0833,5.5841686,330,3240,3570
215,2011,Oct,fall,Clear,19.850847,23.6429,71,13.792218,486,3970,4456
216,2011,Oct,fall,Clear,20.260847000000002,24.02125,62.083299999999994,9.041917999999999,639,4126,4765
217,2011,Oct,fall,Clear,20.944153,25.2202,68.41669999999999,1.5002439,949,4036,4985
218,2011,Oct,fall,Clear,21.388347,25.6621,70.125,3.0420814,2235,3174,5409
219,2011,Oct,fall,Clear,22.174153,26.19915,72.75,4.251150000000001,2397,3114,5511
220,2011,Oct,fall,Mist,23.233347000000002,27.3048,80.875,9.583814,667,3896,4563
221,2011,Oct,fall,Light Precip,22.276653,25.885849999999998,90.625,16.62605,217,2199,2416
222,2011,Oct,fall,Mist,22.584153,26.48375,71.625,15.000161,529,3115,3644
223,2011,Oct,fall,Clear,20.773346999999998,24.936249999999998,48.3333,17.291561,1899,3318,5217
224,2011,Oct,fall,Clear,20.978347,25.1577,48.6667,18.875039,1748,3293,5041
225,2011,Oct,fall,Clear,21.900847,25.53625,57.958299999999994,11.750393,713,3857,4570
226,2011,Oct,fall,Light Precip,22.211299,25.6924,89.52170000000001,16.303713,254,2170,2424
227,2011,Oct,fall,Clear,19.509153,23.32625,63.625,28.292425,471,3724,4195
228,2011,Oct,fall,Clear,17.5275,21.1798,57.4167,14.833532,676,3628,4304
229,2011,Oct,fall,Clear,17.322499999999998,21.2746,62.916700000000006,6.2086689,1499,2809,4308
230,2011,Oct,fall,Clear,17.288347,21.11665,74.125,6.6673375,1619,2762,4381
231,2011,Oct,fall,Clear,19.338347,23.16875,62.291700000000006,11.166086,695,3992,4687
232,2011,Oct,fall,Mist,19.27,22.8523,81.2917,13.250121,240,2419,2659
233,2011,Oct,fall,Light Precip,10.420846999999998,11.39565,88.25,23.541857,57,570,627
234,2011,Oct,fall,Clear,13.085847,16.06645,62.375,11.833339,885,2446,3331
235,2011,Oct,fall,Clear,13.940000000000001,17.803150000000002,70.3333,7.12545,362,3307,3669
236,2011,Nov,fall,Clear,15.477500000000001,19.50665,71.875,5.5001439,370,3816,4186
237,2011,Nov,fall,Clear,14.281653,18.117900000000002,73.4583,6.1676314,952,2697,3649
238,2011,Nov,fall,Clear,16.195,20.04355,75.875,3.834075,373,3662,4035
239,2011,Nov,fall,Clear,16.741653,20.6123,72.16669999999999,4.6255125,376,3829,4205
240,2011,Nov,fall,Clear,16.400000000000002,20.453950000000003,75.83330000000001,4.1671186,305,3804,4109
241,2011,Nov,fall,Clear,14.623347,17.8971,55.2917,14.208154,1275,2792,4067
242,2011,Nov,fall,Clear,18.074153,21.5275,45.8333,18.875307,1004,2713,3717
243,2011,Nov,fall,Clear,21.73,26.2306,58.7083,20.541932,595,3891,4486
244,2011,Nov,fall,Mist,21.73,25.37895,68.875,13.375411,449,3746,4195
245,2011,Nov,fall,Light Precip,18.723347,22.5994,93,9.167543,145,1672,1817
246,2011,Nov,fall,Clear,11.240847,13.63605,41,11.291711,245,3147,3392
247,2011,Nov,fall,Clear,13.495847,16.22415,50.208299999999994,15.041232,943,2720,3663
248,2011,Nov,fall,Light Precip,18.3475,22.2531,91,9.249618,220,2545,2765
249,2011,Nov,fall,Light Precip,17.083347,21.0848,96.25,7.959064,69,1538,1607
250,2011,Nov,fall,Clear,15.375,19.033549999999998,64.375,6.6260186,1095,1697,2792
251,2011,Nov,fall,Clear,18.825847,22.79,69.8333,13.999918,810,2261,3071
252,2011,Nov,fall,Clear,20.642598,24.5061,74.3043,9.522174,253,3614,3867
253,2011,Nov,fall,Mist,18.791653,22.56875,83.08330000000001,17.292164,96,2818,2914
254,2011,Nov,fall,Clear,13.325000000000001,15.561050000000002,61.3333,18.167586,188,3425,3613
255,2011,Dec,fall,Clear,12.8125,15.2777,52.4583,14.750586,182,3545,3727
256,2011,Dec,fall,Clear,12.265847,15.530199999999999,61.291700000000006,6.4174811,706,2908,3614
257,2011,Dec,fall,Clear,13.564153,17.455000000000002,77.5833,5.6252061,634,2851,3485
258,2011,Dec,fall,Mist,15.819153,19.696250000000003,82.70830000000001,4.1679561000000005,233,3578,3811
259,2011,Dec,fall,Light Precip,18.962500000000002,22.82,94.9583,15.583061,126,2468,2594
260,2011,Dec,fall,Light Precip,16.81,20.0123,97.04169999999999,17.833725,50,655,705
261,2011,Dec,fall,Clear,10.899153,12.8469,57.99999999999999,16.083886,150,3172,3322
262,2011,Dec,fall,Clear,11.275,13.320599999999999,50.74999999999999,15.625807,502,2688,3190
263,2011,Dec,fall,Clear,9.054153,12.6577,49,4.458293899999999,377,2366,2743
264,2011,Dec,fall,Clear,9.771652999999999,13.5098,67.08330000000001,4.251150000000001,143,3167,3310
265,2011,Dec,fall,Clear,11.5825,15.0569,59,9.41685,155,3368,3523
266,2011,Dec,fall,Mist,15.375,17.99125,50.0417,17.458525,178,3399,3577
267,2011,Dec,fall,Mist,10.591652999999999,12.46855,56.0833,16.292189,275,2464,2739
268,2011,Dec,fall,Clear,9.771652999999999,12.27895,58.62500000000001,11.375193000000001,220,2211,2431
269,2011,Dec,fall,Clear,11.343347,14.04665,63.74999999999999,11.584031999999999,260,3143,3403
270,2011,Dec,winter,Mist,17.356653,21.306050000000003,75.75,3.1674249999999997,227,2841,3068
271,2011,Dec,winter,Clear,15.306653,18.87565,68.625,18.374482,163,2046,2209
272,2011,Dec,winter,Clear,11.266103,13.998050000000001,68.13040000000001,10.391097,303,451,754
273,2011,Dec,winter,Clear,12.264330000000001,13.9987,50.39130000000001,19.695386999999997,255,2047,2302
274,2011,Dec,winter,Clear,10.181653,13.194600000000001,57.4167,8.000604000000001,254,2169,2423
275,2011,Dec,winter,Clear,12.778347000000002,15.9406,63.6667,9.000579,491,2508,2999
276,2011,Dec,winter,Clear,16.81,20.70605,61.583299999999994,14.750318,665,1820,2485
277,2012,Jan,winter,Clear,15.17,18.78105,69.25,12.875189,686,1608,2294
278,2012,Jan,winter,Clear,11.194763,12.615199999999998,38.130399999999995,22.087555,244,1707,1951
279,2012,Jan,winter,Clear,6.1499999999999995,6.31375,44.125,24.499957000000002,89,2147,2236
280,2012,Jan,winter,Mist,4.4075,5.96685,41.4583,12.3749,95,2273,2368
281,2012,Jan,winter,Clear,10.899153,13.9206,52.416700000000006,8.709128999999999,140,3132,3272
282,2012,Jan,winter,Clear,13.700847,17.01335,54.2083,11.249836,307,3791,4098
283,2012,Jan,winter,Clear,13.8375,17.012900000000002,46.5,12.833314,599,2826,3425
284,2012,Jan,winter,Mist,9.190847,12.37395,70.1667,6.6263000000000005,106,2270,2376
285,2012,Jan,winter,Clear,12.656536000000001,15.9413,64.65220000000001,12.565984,173,3425,3598
286,2012,Jan,winter,Mist,11.240847,14.14105,84.75,8.791807,92,2085,2177
287,2012,Jan,winter,Clear,11.240847,12.4681,50.74999999999999,25.333236,174,3040,3214
288,2012,Jan,winter,Clear,7.79,9.53315,52.25,15.500986000000001,217,2081,2298
289,2012,Jan,winter,Mist,15.294763,18.2139,71.6087,23.39171,127,2808,2935
290,2012,Jan,winter,Clear,12.436653000000002,13.7627,44.333299999999994,27.833743,109,3267,3376
291,2012,Jan,winter,Mist,8.9175,11.047899999999998,45,13.58425,115,3048,3163
292,2012,Jan,winter,Mist,7.106653,8.74375,83.125,14.917014,67,1234,1301
293,2012,Jan,winter,Clear,12.060847,14.74105,64.375,10.791756999999999,467,3803,4270
294,2012,Jan,winter,Mist,14.008347,17.8025,76.95830000000001,4.9175186,244,3831,4075
295,2012,Jan,winter,Mist,17.425,20.76915,74.125,22.958689,269,3187,3456
296,2012,Jan,winter,Clear,12.949152999999999,16.318949999999997,54.333299999999994,14.125542999999999,775,3248,4023
297,2012,Jan,winter,Clear,11.5825,13.63605,31.125000000000004,16.08335,558,2685,3243
298,2012,Jan,winter,Clear,11.035847,13.13125,40.0833,14.458064,126,3498,3624
299,2012,Jan,winter,Clear,15.99,19.06585,41.6667,17.541739,324,4185,4509
300,2012,Feb,winter,Clear,12.846652999999998,15.4673,52.6667,11.959232,310,3841,4151
301,2012,Feb,winter,Mist,10.830846999999999,13.63625,77.95830000000001,8.167032,384,2448,2832
302,2012,Feb,winter,Mist,10.899153,13.22605,68.7917,11.791732000000001,318,2629,2947
303,2012,Feb,winter,Clear,11.586969,14.8213,62.2174,10.304599999999999,206,3578,3784
304,2012,Feb,winter,Clear,14.520847,18.0552,49.625,9.874393000000001,199,4176,4375
305,2012,Feb,winter,Mist,10.523347,13.321050000000001,72.2917,8.959307,109,2693,2802
306,2012,Feb,winter,Clear,10.865,13.0994,56.2083,13.000478999999999,163,3667,3830
307,2012,Feb,winter,Mist,11.514153,14.6779,54,7.834243000000001,227,3604,3831
308,2012,Feb,winter,Clear,9.1225,11.39565,41.125,11.207961,94,3328,3422
309,2012,Feb,winter,Mist,13.085847,16.697300000000002,50.875,9.458993,135,3787,3922
310,2012,Feb,winter,Mist,12.983346999999998,16.5081,75.29169999999999,6.125475000000001,74,2931,3005
311,2012,Feb,winter,Clear,14.076653,17.58145,63.4583,13.791682,349,3805,4154
312,2012,Feb,winter,Clear,14.213347,17.77125,53.4583,12.792243,1435,2883,4318
313,2012,Feb,winter,Mist,11.48,13.2894,51.5833,16.958504,618,2071,2689
314,2012,Feb,winter,Clear,11.48,13.66955,50.7826,15.348561,502,2627,3129
315,2012,Feb,winter,Clear,11.800866000000001,14.755650000000001,59.434799999999996,13.783039,163,3614,3777
316,2012,Feb,winter,Clear,16.229153,19.63335,56.7917,15.709557,394,4379,4773
317,2012,Feb,winter,Mist,16.7075,20.54855,73.75,15.916989,246,3241,3487
318,2012,Feb,winter,Clear,11.924153,12.78375,39.5833,28.250014,317,2415,2732
319,2012,Feb,winter,Clear,15.033347000000001,17.8977,49.0833,17.958211000000002,253,4069,4322
320,2012,Feb,winter,Clear,14.725847,17.67625,39.5833,12.958939,229,4134,4363
321,2012,Feb,winter,Mist,14.118267999999999,17.4235,80.4783,12.000839,65,1769,1834
322,2012,Mar,winter,Mist,14.486653,17.9921,65.7083,9.708568,246,2948,3194
323,2012,Mar,winter,Clear,13.359153,15.15105,40.3333,22.416257,710,2713,3423
324,2012,Mar,winter,Clear,10.591652999999999,12.752099999999999,45.6667,13.458625,221,3735,3956
325,2012,Mar,winter,Clear,16.570847,19.255,51.3333,23.167193,432,4484,4916
326,2012,Mar,winter,Mist,16.844153,19.85415,40.708299999999994,27.7916,447,4122,4569
327,2012,Mar,winter,Clear,11.7875,13.888349999999999,35.0417,15.125250000000001,968,3150,4118
328,2012,Mar,winter,Clear,14.831299,17.9835,47.6957,14.913329000000001,1658,3253,4911
329,2012,Mar,winter,Clear,19.133347,22.9796,48.9167,13.916771,838,4460,5298
330,2012,Mar,winter,Clear,23.4725,27.43085,50.708299999999994,7.709154,997,5315,6312
331,2012,Mar,winter,Clear,22.857499999999998,26.64125,57.958299999999994,10.042161,1005,5187,6192
332,2012,Mar,winter,Mist,17.869153,21.81145,84.20830000000001,7.583864,548,3830,4378
333,2012,Mar,winter,Mist,21.080847000000002,25.252299999999998,75.5833,7.417168,3155,4681,7836
334,2012,Mar,winter,Mist,19.3725,23.200000000000003,81,8.501161,2207,3685,5892
335,2012,Mar,winter,Clear,22.345000000000002,26.64105,72.875,10.875238999999999,982,5171,6153
336,2012,Mar,winter,Clear,22.994153,26.926650000000002,80.7917,8.125157,1051,5042,6093
337,2012,Mar,spring,Mist,21.798347,25.6629,82.125,6.000406099999999,1122,5108,6230
338,2012,Mar,spring,Clear,22.720847,26.57835,83.125,7.876654,1334,5537,6871
339,2012,Mar,spring,Mist,24.668346999999997,28.50335,69.41669999999999,7.7921000000000005,2469,5893,8362
340,2012,Mar,spring,Mist,17.9375,21.874399999999998,88.0833,14.791924999999999,1532,3464,4996
341,2012,Mar,spring,Clear,18.279153,21.9375,47.7917,25.917007,795,4763,5558
342,2012,Mar,spring,Clear,13.256653,15.7827,28.999999999999996,12.541864,531,4571,5102
343,2012,Mar,spring,Clear,19.850847,23.5475,48.125,19.541957,674,5024,5698
344,2012,Mar,spring,Clear,20.260847000000002,24.1152,43.9167,21.41655,834,5299,6133
345,2012,Mar,spring,Mist,17.390847,21.0854,73.83330000000001,16.791338999999997,2301,3934,6235
346,2012,Apr,spring,Mist,17.459153,20.86435,67.625,11.541889,2347,3694,6041
347,2012,Apr,spring,Clear,17.790433,21.37565,50.4348,20.913313,1208,4728,5936
348,2012,Apr,spring,Clear,19.133347,23.07415,39.6667,6.708911,1348,5424,6772
349,2012,Apr,spring,Clear,22.208347,26.6725,46.958299999999994,12.125325,1058,5378,6436
350,2012,Apr,spring,Clear,16.536653,19.538349999999998,37.7083,20.125996,1807,4653,6460
351,2012,Apr,spring,Clear,17.9375,21.306449999999998,25.4167,18.416356999999998,3252,3605,6857
352,2012,Apr,spring,Clear,20.5,24.62125,27.5833,15.583931999999999,2230,2939,5169
353,2012,Apr,spring,Clear,20.055847,23.8319,31.75,23.999132,905,4680,5585
354,2012,Apr,spring,Clear,18.313347,21.81165,43.5,16.708125000000003,819,5099,5918
355,2012,Apr,spring,Clear,16.2975,19.3802,46.625,19.458743,663,4746,5409
356,2012,Apr,spring,Clear,20.294999999999998,24.3998,50.29169999999999,12.791439,2795,4665,7460
357,2012,Apr,spring,Clear,24.873347,28.69375,50.79169999999999,15.083643,2846,4286,7132
358,2012,Apr,spring,Clear,27.230846999999997,30.746250000000003,56.166700000000006,19.083543,1198,5172,6370
359,2012,Apr,spring,Clear,24.941653000000002,29.92435,39.0417,18.333143,989,5702,6691
360,2012,Apr,spring,Mist,18.996653,22.8519,56.9167,11.250104,347,4020,4367
361,2012,Apr,spring,Clear,20.431653,24.6523,61.25000000000001,4.417256399999999,846,5719,6565
362,2012,Apr,spring,Clear,21.593347,25.78875,69.4583,10.041357,1340,5950,7290
363,2012,Apr,spring,Clear,23.369999999999997,27.14605,68.2917,19.000328999999997,2541,4083,6624
364,2012,Apr,spring,Light Precip,16.263347,19.4752,83.54169999999999,23.084582,120,907,1027
365,2012,Apr,spring,Mist,19.030847,22.8848,56.99999999999999,11.499746,665,4907,5572
366,2012,May,spring,Mist,25.146653,28.85105,65.95830000000001,10.458432,653,5087,5740
367,2012,May,spring,Clear,23.130847,26.894800000000004,79.7083,9.249885999999998,667,5502,6169
368,2012,May,spring,Mist,22.96,26.862099999999998,76.83330000000001,8.957632,764,5657,6421
369,2012,May,spring,Mist,25.488346999999997,29.2304,75.66669999999999,10.250464,2496,4387,6883
370,2012,May,spring,Mist,23.848347,27.87355,68.58330000000001,19.833942999999998,738,4990,5728
371,2012,May,spring,Clear,20.739152999999998,24.58915,55.2083,21.042220999999998,1026,5546,6572
372,2012,May,spring,Clear,21.866653,26.04165,36.0417,15.874779,1319,5711,7030
373,2012,May,spring,Clear,23.130847,27.24085,48.0417,8.249911,2622,4807,7429
374,2012,May,spring,Clear,25.1125,29.2619,57.62500000000001,15.082839,2172,3946,6118
375,2012,May,spring,Mist,23.506653,27.495000000000005,78.95830000000001,14.250364,342,2501,2843
376,2012,May,spring,Mist,25.078346999999997,28.8202,79.45830000000001,9.875264,625,4490,5115
377,2012,May,spring,Clear,26.103347,29.798750000000002,69.7917,8.208304,991,6433,7424
378,2012,May,spring,Clear,24.326653,28.630650000000003,52,15.374825000000001,1242,6142,7384
379,2012,May,spring,Clear,23.130847,27.55605,52.33330000000001,9.166739,1521,6118,7639
380,2012,May,spring,Clear,24.599999999999998,28.345399999999998,45.625,5.626325,3410,4884,8294
381,2012,May,spring,Clear,25.454152999999998,29.19835,53.041700000000006,17.042589,2704,4425,7129
382,2012,May,spring,Mist,24.531653,28.283350000000002,81.125,15.624668,630,3729,4359
383,2012,May,spring,Mist,25.215,29.04125,76.5833,7.917189,819,5254,6073
384,2012,May,spring,Mist,25.488346999999997,29.230600000000003,77.45830000000001,6.834,766,4494,5260
385,2012,May,spring,Clear,27.880000000000003,31.37645,74.70830000000001,9.41685,1417,5317,6734
386,2012,May,spring,Clear,28.392500000000002,32.134800000000006,73.25,13.332464,2855,3681,6536
387,2012,May,spring,Clear,28.29,32.07125,69.7083,14.416457,3283,3308,6591
388,2012,May,spring,Clear,29.212500000000002,33.965,67.625,13.166907,2557,3486,6043
389,2012,May,spring,Clear,29.622500000000002,33.6496,68.45830000000001,19.7918,880,4863,5743
390,2012,May,spring,Mist,26.923347,30.55645,67,9.000043,745,6110,6855
391,2012,May,spring,Clear,27.880000000000003,31.566450000000003,49.2917,13.083693,1100,6238,7338
392,2012,Jun,spring,Mist,26.820847,30.3981,75.5417,15.916720999999999,533,3594,4127
393,2012,Jun,spring,Clear,23.916653,28.3144,54.9167,12.499654,2795,5325,8120
394,2012,Jun,spring,Clear,24.7025,28.75665,49.3333,12.333829,2494,5147,7641
395,2012,Jun,spring,Clear,24.497500000000002,28.91415,48.7083,19.083811,1071,5927,6998
396,2012,Jun,spring,Clear,22.720847,27.1146,61.12499999999999,5.167375,1027,6028,7055
397,2012,Jun,spring,Clear,24.7025,28.4721,56.7083,10.542449999999999,1038,6456,7494
398,2012,Jun,spring,Clear,26.615847000000002,29.8931,46.791700000000006,11.750661000000001,1488,6248,7736
399,2012,Jun,spring,Clear,29.144153000000003,32.418350000000004,43.7083,9.667229,2708,4790,7498
400,2012,Jun,spring,Clear,29.793346999999997,33.175850000000004,53.833299999999994,8.959307,2224,4374,6598
401,2012,Jun,spring,Mist,29.554153,32.98605,58.791700000000006,13.916771,1017,5647,6664
402,2012,Jun,spring,Mist,26.786653,29.89375,83.3333,14.374581999999998,477,4495,4972
403,2012,Jun,spring,Clear,26.889153,30.55585,58.2083,22.999693,1173,6248,7421
404,2012,Jun,spring,Clear,26.581653000000003,31.219150000000003,56.958299999999994,17.000111,1180,6183,7363
405,2012,Jun,spring,Clear,26.205847000000002,29.9877,58.958299999999994,11.833339,1563,6102,7665
406,2012,Jun,spring,Clear,25.898346999999998,29.735400000000002,50.416700000000006,11.166689,2963,4739,7702
407,2012,Jun,spring,Clear,24.2925,28.59875,59.875,9.708568,2634,4344,6978
408,2012,Jun,spring,Clear,28.221653,32.7346,69,9.917139,968,5857,6825
409,2012,Jun,summer,Clear,33.039153,37.6271,56.7917,7.958729,778,5127,5905
410,2012,Jun,summer,Clear,31.877499999999998,36.20605,57.375,12.250414000000001,964,4859,5823
411,2012,Jun,summer,Clear,29.998347,32.6396,53.4583,12.041307,2657,4801,7458
412,2012,Jun,summer,Clear,30.476653000000002,33.7127,47.9167,9.750174999999999,2551,4340,6891
413,2012,Jun,summer,Clear,29.349153,32.7021,50.416700000000006,20.125661,1139,5640,6779
414,2012,Jun,summer,Clear,25.864152999999998,29.7352,37.3333,23.292014000000002,1077,6365,7442
415,2012,Jun,summer,Clear,28.5975,32.0396,36,18.208925,1077,6258,7335
416,2012,Jul,summer,Clear,33.449153,37.53145,51.87500000000001,11.291443000000001,1421,4110,5531
417,2012,Jul,summer,Clear,32.048347,35.1019,44.7083,13.082889,904,5323,6227
418,2012,Jul,summer,Clear,32.014153,35.1325,49.2083,8.457878999999998,1052,5608,6660
419,2012,Jul,summer,Clear,32.355847,36.61685,53.87499999999999,9.041649999999999,2562,4841,7403
420,2012,Jul,summer,Clear,33.9275,38.06835,45.7917,12.999943,1405,4836,6241
421,2012,Jul,summer,Clear,33.961653,37.62665,45.0833,9.791514,1366,4841,6207
422,2012,Jul,summer,Clear,35.328347,40.24565,49.2083,10.958118,1448,3392,4840
423,2012,Jul,summer,Clear,33.722500000000004,39.5198,57.375,8.417143,1203,3469,4672
424,2012,Jul,summer,Mist,29.144153000000003,32.7027,68.3333,12.125325,998,5571,6569
425,2012,Jul,summer,Mist,29.554153,33.2398,66.75,10.166379000000001,954,5336,6290
426,2012,Jul,summer,Mist,29.998347,33.39665,48.5833,5.41695,1511,5988,7499
427,2012,Jul,summer,Mist,28.836653,33.3021,69.91669999999999,9.626493,2355,4614,6969
428,2012,Jul,summer,Clear,30.579152999999998,35.259800000000006,71.7917,11.166689,1920,4111,6031
429,2012,Jul,summer,Clear,31.296653000000003,36.206250000000004,64.5,11.000529,1088,5742,6830
430,2012,Jul,summer,Clear,33.551653,37.78415,50.583299999999994,7.666743,921,5865,6786
431,2012,Jul,summer,Clear,32.526652999999996,37.27915,57.7083,9.208614,799,4914,5713
432,2012,Jul,summer,Clear,31.57,35.7321,60.0417,11.083743,888,5703,6591
433,2012,Jul,summer,Mist,27.299153,30.65125,84.4167,14.000789000000001,747,5123,5870
434,2012,Jul,summer,Light Precip,24.429153,27.495599999999996,86.5417,14.2911,1264,3195,4459
435,2012,Jul,summer,Mist,27.3675,31.156250000000004,76.25,6.2926936,2544,4866,7410
436,2012,Jul,summer,Clear,30.408347,34.50085,69.41669999999999,9.291761,1135,5831,6966
437,2012,Jul,summer,Clear,32.048347,36.71085,59.458299999999994,10.250464,1259,5645,6904
438,2012,Jul,summer,Clear,30.989152999999998,34.8802,61.3333,10.542449999999999,2234,4451,6685
439,2012,Jul,summer,Clear,29.588347,33.39665,62.375,11.416532,2153,4444,6597
440,2012,Jul,summer,Clear,29.964153,34.24935,66.875,10.292339,1040,6065,7105
441,2012,Aug,summer,Clear,29.4175,33.3654,67.75,9.458993,1074,6506,7580
442,2012,Aug,summer,Clear,30.8525,35.354400000000005,65.95830000000001,8.666718,983,6278,7261
443,2012,Aug,summer,Mist,31.399153,36.143350000000005,64.25,14.458064,1328,5847,7175
444,2012,Aug,summer,Clear,32.526652999999996,37.56335,61.3333,17.249686,2345,4479,6824
445,2012,Aug,summer,Mist,30.8525,35.5123,65.4167,8.666718,1233,5780,7013
446,2012,Aug,summer,Mist,30.169152999999998,34.88105,70.375,7.8328359999999995,1278,5995,7273
447,2012,Aug,summer,Mist,30.75,35.385850000000005,67.29169999999999,7.4169,1263,6271,7534
448,2012,Aug,summer,Clear,30.989152999999998,34.9754,62.0417,10.458699999999999,1196,6090,7286
449,2012,Aug,summer,Mist,29.349153,33.3971,71.58330000000001,16.000471,1065,4721,5786
450,2012,Aug,summer,Mist,28.392500000000002,31.91335,73.2917,13.834093,2247,4052,6299
451,2012,Aug,summer,Clear,29.554153,33.112700000000004,54.541700000000006,9.126204,1207,5676,6883
452,2012,Aug,summer,Clear,29.793346999999997,33.838950000000004,68.6667,11.333586,1128,5656,6784
453,2012,Aug,summer,Clear,29.485847,32.7344,51.916700000000006,9.500332,1338,6267,7605
454,2012,Aug,summer,Clear,29.656653,12.120000000000001,57.0833,15.500718000000001,1483,5665,7148
455,2012,Aug,summer,Clear,27.811653,30.903550000000003,60.3333,11.917089,2827,5038,7865
456,2012,Aug,summer,Mist,26.069153,30.1777,71.1667,5.79215,1208,3341,4549
457,2012,Aug,summer,Mist,26.069153,29.798350000000003,73.4167,8.708593,1026,5504,6530
458,2012,Aug,summer,Clear,26.615847000000002,30.051250000000003,67.375,4.8756436,1081,5925,7006
459,2012,Aug,summer,Clear,27.3675,31.0927,67.7083,4.708981100000001,1094,6281,7375
460,2012,Aug,summer,Clear,28.529153,31.8504,63.5833,5.6679186,1363,6402,7765
461,2012,Aug,summer,Mist,28.802500000000002,32.355000000000004,61.5,4.8337686,1325,6257,7582
462,2012,Aug,summer,Mist,27.128347,30.934800000000003,71.2917,16.375336,1829,4224,6053
463,2012,Aug,summer,Clear,29.861653,33.3025,62,12.791975,935,6105,7040
464,2012,Aug,summer,Clear,28.085,31.786649999999998,55.2083,7.541653999999999,1177,6520,7697
465,2012,Aug,summer,Clear,28.973347,32.63895,59.0417,5.1668189,1172,6541,7713
466,2012,Aug,summer,Clear,31.330847000000002,34.47,58.75,11.291711,1433,5917,7350
467,2012,Sep,summer,Mist,30.886653000000003,35.1327,63.8333,7.5835289999999995,2352,3788,6140
468,2012,Sep,summer,Mist,28.563347,32.45,81.5,4.2927436,2613,3197,5810
469,2012,Sep,summer,Mist,28.563347,32.766450000000006,81.0417,9.542207,611,5592,6203
470,2012,Sep,summer,Clear,28.836653,32.8602,73.625,11.500282,1045,6459,7504
471,2012,Sep,summer,Mist,27.025847,30.556050000000003,79.91669999999999,18.833968000000002,1557,4419,5976
472,2012,Sep,summer,Clear,25.009999999999998,28.946250000000003,54.75,15.041232,2570,5657,8227
473,2012,Sep,summer,Clear,23.916653,28.2827,50.375,17.333771000000002,1118,6407,7525
474,2012,Sep,summer,Clear,23.677500000000002,27.7146,52,6.1676314,1070,6697,7767
475,2012,Sep,summer,Clear,24.565847,28.50375,57.7083,8.833682,1050,6820,7870
476,2012,Sep,summer,Clear,25.1125,28.9779,63.708299999999994,5.5422936,1054,6750,7804
477,2012,Sep,summer,Clear,24.941653000000002,29.29335,50.1667,16.583907,3160,5554,8714
478,2012,Sep,summer,Clear,23.779999999999998,28.15625,56.99999999999999,6.042281099999999,2166,5167,7333
479,2012,Sep,summer,Mist,23.814153,27.652500000000003,73.4583,10.166713999999999,1022,5847,6869
480,2012,Sep,summer,Mist,25.556653,28.253349999999998,87.25,23.958329,371,3702,4073
481,2012,Sep,summer,Clear,22.6525,27.0202,53.6667,14.416725,788,6803,7591
482,2012,Sep,summer,Clear,22.413347,26.6096,61.8333,7.917189,939,6781,7720
483,2012,Sep,summer,Clear,24.565847,28.59855,66.875,10.333343000000001,1250,6917,8167
484,2012,Sep,fall,Clear,21.080847000000002,25.12565,49.2917,9.541068000000001,1001,6435,7436
485,2012,Sep,fall,Clear,22.55,27.208949999999998,56.99999999999999,15.833507000000001,845,6693,7538
486,2012,Sep,fall,Clear,26.035,29.83065,63.083299999999994,16.3748,787,6946,7733
487,2012,Sep,fall,Clear,22.2425,26.5148,54.2917,15.249468,2589,5966,8555
488,2012,Sep,fall,Clear,21.593347,25.88315,58.3333,9.042186,2015,4874,6889
489,2012,Oct,fall,Mist,21.354153,25.6,64.9167,6.0838814,763,6015,6778
490,2012,Oct,fall,Light Precip,24.224153,27.116649999999996,87.16669999999999,6.9998249999999995,315,4324,4639
491,2012,Oct,fall,Mist,26.9575,30.398750000000003,72.2917,7.875582,891,6437,7328
492,2012,Oct,fall,Clear,25.215,29.00935,62.74999999999999,7.12545,1516,6640,8156
493,2012,Oct,fall,Clear,22.720847,26.92605,66.41669999999999,17.957675000000002,3031,4934,7965
494,2012,Oct,fall,Mist,17.049153,20.99065,70.8333,9.457854000000001,781,2729,3510
495,2012,Oct,fall,Mist,18.313347,21.9056,76.16669999999999,12.7501,601,5791,6392
496,2012,Oct,fall,Clear,21.080847000000002,25.1571,63.083299999999994,12.584007,780,6911,7691
497,2012,Oct,fall,Clear,17.835,21.55835,46.3333,12.166932000000001,834,6736,7570
498,2012,Oct,fall,Clear,17.9375,21.65355,53.91669999999999,15.751164,1060,6222,7282
499,2012,Oct,fall,Clear,16.126653,19.5698,49.4583,9.791514,2252,4857,7109
500,2012,Oct,fall,Clear,19.201653,23.042299999999997,55.833299999999994,12.208807,922,6612,7534
501,2012,Oct,fall,Clear,18.689153,22.5054,69.2917,6.791857,979,6482,7461
502,2012,Oct,fall,Mist,23.096653,26.894800000000004,81.5,9.041917999999999,753,4671,5424
503,2012,Oct,fall,Clear,19.850847,23.6421,57.2917,7.874979,2806,5284,8090
504,2012,Oct,fall,Clear,19.030847,22.82145,51,11.125618000000001,2132,4692,6824
505,2012,Oct,fall,Clear,19.9875,24.1471,56.833299999999994,5.4593811,830,6228,7058
506,2012,Oct,fall,Clear,24.087500000000002,27.93605,63.625,4.8762064,795,6898,7693
507,2012,Oct,fall,Mist,22.55,26.4844,80.0417,8.333125,875,6484,7359
508,2012,Oct,fall,Mist,22.379153000000002,26.137500000000003,80.7083,8.875289,1182,6262,7444
509,2012,Oct,fall,Light Precip,18.04,21.97,88,23.9994,2,20,22
510,2012,Oct,fall,Mist,13.045462,15.49545,82.5455,14.271603,87,1009,1096
511,2012,Oct,fall,Mist,14.657499999999999,18.055,66.6667,11.166689,419,5147,5566
512,2012,Nov,fall,Mist,14.999153000000002,18.4971,58.166700000000006,10.542182,466,5520,5986
513,2012,Nov,fall,Clear,14.555,17.802100000000003,52.208299999999994,17.833725,618,5229,5847
514,2012,Nov,fall,Mist,14.076653,16.1923,49.125,18.125443,1029,4109,5138
515,2012,Nov,fall,Clear,13.359153,16.4769,53.2917,12.000236,1201,3906,5107
516,2012,Nov,fall,Clear,13.085847,15.403749999999999,49.416700000000006,15.833775000000001,378,4881,5259
517,2012,Nov,fall,Clear,11.514153,14.07835,56.7083,11.625371,466,5220,5686
518,2012,Nov,fall,Mist,12.129153,13.73105,54.75,20.375236,326,4709,5035
519,2012,Nov,fall,Clear,14.439134,17.09455,33.3478,23.304945,340,4975,5315
520,2012,Nov,fall,Clear,14.828347,17.77065,54.0833,14.375386,709,5283,5992
521,2012,Nov,fall,Clear,15.955846999999999,19.696849999999998,64.5417,3.8756686,2090,4446,6536
522,2012,Nov,fall,Clear,19.884999999999998,23.76915,74.16669999999999,11.625639,1097,5172,6269
523,2012,Nov,fall,Mist,14.076653,16.16125,66.29169999999999,22.917082,327,3767,4094
524,2012,Nov,fall,Clear,11.855847,14.07815,55.2083,13.374875,373,5122,5495
525,2012,Nov,fall,Mist,13.188346999999998,16.2246,62.0417,10.250129000000001,320,5125,5445
526,2012,Nov,fall,Clear,14.145,17.3602,52.4583,11.458675000000001,484,5214,5698
527,2012,Nov,fall,Clear,13.325000000000001,16.31915,54.541700000000006,12.041843,1313,4316,5629
528,2012,Nov,fall,Clear,14.0425,16.8873,69.2917,15.250004,922,3747,4669
529,2012,Nov,fall,Mist,15.614152999999998,18.78105,62.3333,15.749489,449,5050,5499
530,2012,Nov,fall,Mist,11.958347,14.0779,78.6667,15.916654,123,3836,3959
531,2012,Nov,fall,Clear,12.163347,14.488100000000001,50.625,14.125007,198,5062,5260
532,2012,Nov,fall,Clear,12.231653000000001,16.193350000000002,64.95830000000001,3.9175436,362,5306,5668
533,2012,Dec,fall,Mist,12.231653000000001,15.8452,80.6667,4.0001814,951,4240,5191
534,2012,Dec,fall,Mist,14.247499999999999,17.9604,82.3333,8.333393000000001,892,3757,4649
535,2012,Dec,fall,Clear,18.552500000000002,22.7898,76.75,5.5422936,555,5679,6234
536,2012,Dec,fall,Clear,19.509153,23.4527,73.375,11.666643,551,6055,6606
537,2012,Dec,fall,Clear,10.489152999999998,12.9102,50.875,11.708518,340,5035,5375
538,2012,Dec,fall,Mist,13.154152999999999,16.097900000000003,76.4167,8.7502,349,4659,5008
539,2012,Dec,fall,Mist,17.869153,21.77875,92.5,12.750636,329,4841,5170
540,2012,Dec,fall,Mist,12.1975,14.8669,53.833299999999994,10.916779,310,5009,5319
541,2012,Dec,fall,Clear,16.844153,20.485400000000002,66.625,14.834067999999998,433,5124,5557
542,2012,Dec,fall,Clear,13.6325,17.1081,62.5417,12.334164000000001,333,4934,5267
543,2012,Dec,fall,Mist,13.530000000000001,16.760849999999998,66.79169999999999,8.875021,314,3814,4128
544,2012,Dec,winter,Clear,10.899153,11.80565,44.125,27.292182,205,1544,1749
545,2012,Dec,winter,Clear,10.079153,12.97355,51.5417,8.916561,408,1379,1787
546,2012,Dec,winter,Mist,9.483464,12.945,79.1304,5.1744368000000005,174,746,920
547,2012,Dec,winter,Light Precip,9.976652999999999,11.01665,82.3333,21.208582,9,432,441
548,2012,Dec,winter,Mist,10.420846999999998,11.3321,65.29169999999999,23.458911,247,1867,2114
549,2012,Dec,winter,Mist,10.386652999999999,12.7523,59,10.416557,644,2451,3095
550,2012,Dec,winter,Mist,10.386652999999999,12.120000000000001,75.29169999999999,8.333661,159,1182,1341
551,2012,Dec,winter,Mist,8.849153,11.17435,57.75,10.374682,439,2290,2729
